Date,Year_Month,Year,Month,Total_Sales,MoM_Change,MoM_Growth_Pct,MA3
2014-01-31,2014-01,2014,1,1821.1100000000001,,,1821.1100000000001
2014-02-28,2014-02,2014,2,1974.47,153.3599999999999,8.421237596850272,1897.79
2014-03-31,2014-03,2014,3,1606.72,-367.75,-18.625251333269176,1800.7666666666667
2014-04-30,2014-04,2014,4,1429.6750000000002,-177.04499999999985,-11.01903256323441,1670.2883333333332
2014-05-31,2014-05,2014,5,1506.303,76.62799999999993,5.359819539405808,1514.2326666666668
2014-06-30,2014-06,2014,6,1390.2050000000002,-116.09799999999996,-7.707479836394137,1442.0610000000004
2014-07-31,2014-07,2014,7,1332.3700000000001,-57.835000000000036,-4.160177815502031,1409.6260000000002
2014-08-31,2014-08,2014,8,1499.02,166.64999999999986,12.507786876017901,1407.1983333333335
2014-09-30,2014-09,2014,9,1814.594,315.57400000000007,21.05202065349363,1548.6613333333335
2014-10-31,2014-10,2014,10,3146.906,1332.312,73.42204371887044,2153.5066666666667
2014-11-30,2014-11,2014,11,1770.64,-1376.2659999999998,-43.73394057528252,2244.0466666666666
2014-12-31,2014-12,2014,12,2093.485,322.845,18.233237699362938,2337.010333333333
2015-01-31,2015-01,2015,1,2157.7490000000003,64.26400000000012,3.0697138981172545,2007.2913333333333
2015-02-28,2015-02,2015,2,1831.532,-326.2170000000003,-15.118394215453247,2027.5886666666665
2015-03-31,2015-03,2015,3,1974.076,142.5440000000001,7.78277420214335,1987.7856666666667
2015-04-30,2015-04,2015,4,1723.8849999999998,-250.19100000000026,-12.673828160617939,1843.1643333333332
2015-05-31,2015-05,2015,5,1644.5770000000002,-79.30799999999954,-4.6005388990564615,1780.8459999999998
2015-06-30,2015-06,2015,6,1705.608,61.03099999999972,3.711045454241413,1691.3566666666666
2015-07-31,2015-07,2015,7,1523.0480000000002,-182.55999999999972,-10.703514523853064,1624.411
2015-08-31,2015-08,2015,8,1659.597,136.54899999999975,8.965508637941788,1629.417666666667
2015-09-30,2015-09,2015,9,1679.3670000000002,19.77000000000021,1.1912530572181224,1620.6706666666669
2015-10-31,2015-10,2015,10,2529.576000000001,850.2090000000007,50.626754009099905,1956.1800000000003
2015-11-30,2015-11,2015,11,2189.638,-339.938000000001,-13.438536735010176,2132.860333333334
2015-12-31,2015-12,2015,12,2272.8300000000004,83.19200000000046,3.7993494815124818,2330.681333333334
2016-01-31,2016-01,2016,1,2451.376,178.54599999999982,7.855668923764636,2304.614666666667
2016-02-29,2016-02,2016,2,2232.4000000000005,-218.97599999999966,-8.932778978010703,2318.868666666667
2016-03-31,2016-03,2016,3,2250.169000000001,17.769000000000233,0.7959595054649826,2311.315000000001
2016-04-30,2016-04,2016,4,2173.5730000000003,-76.59600000000046,-3.404010987619166,2218.7140000000004
2016-05-31,2016-05,2016,5,1977.0210000000004,-196.5519999999999,-9.042806475788934,2133.5876666666677
2016-06-30,2016-06,2016,6,1755.231,-221.79000000000042,-11.218393734816189,1968.6083333333336
2016-07-31,2016-07,2016,7,1609.081,-146.1500000000001,-8.326539355788498,1780.4443333333336
2016-08-31,2016-08,2016,8,1700.0550000000003,90.97400000000039,5.653786229531033,1688.1223333333335
2016-09-30,2016-09,2016,9,2049.877,349.82199999999966,20.577098976209562,1786.337666666667
2016-10-31,2016-10,2016,10,2710.1410000000014,660.2640000000015,32.209932595955834,2153.3576666666672
2016-11-30,2016-11,2016,11,1962.7660000000005,-747.3750000000009,-27.57697846717202,2240.928000000001
2016-12-31,2016-12,2016,12,2646.0110000000004,683.2449999999999,34.81031360844846,2439.6393333333344
2017-01-31,2017-01,2017,1,1.0,-2645.0110000000004,-99.96220726217692,1536.592333333334
2017-02-28,2017-02,2017,2,1165.1570000000002,1164.1570000000002,116415.70000000001,1270.7226666666672
2017-03-31,2017-03,2017,3,1406.8550000000002,241.6980000000001,20.743813923788814,857.6706666666672
2017-04-30,2017-04,2017,4,1369.925,-36.93000000000029,-2.6250039982798734,1313.9790000000005
2017-05-31,2017-05,2017,5,1369.485,-0.44000000000005457,-0.03211854663577318,1382.0883333333338
2017-06-30,2017-06,2017,6,1326.936,-42.54899999999998,-3.1069343585362397,1355.448666666667
2017-07-31,2017-07,2017,7,1260.526,-66.40999999999985,-5.00476285216468,1318.9823333333336
2017-08-31,2017-08,2017,8,1302.4199999999998,41.89399999999978,3.3235331916993127,1296.6273333333336
2017-09-30,2017-09,2017,9,1660.8410000000003,358.4210000000005,27.519617327743774,1407.9290000000003
2017-10-31,2017-10,2017,10,2050.1270000000004,389.28600000000006,23.43908899166145,1671.129333333334
2017-11-30,2017-11,2017,11,1705.5790000000002,-344.54800000000023,-16.80617834895107,1805.5156666666674
2017-12-31,2017-12,2017,12,1887.103,181.5239999999999,10.642954679906346,1880.9363333333338
2018-01-31,2018-01,2018,1,1985.701,98.59799999999996,5.224834044564597,1859.4610000000005
2018-02-28,2018-02,2018,2,2203.248000000001,217.54700000000093,10.955677617123683,2025.3506666666672
2018-03-31,2018-03,2018,3,2156.847,-46.40100000000075,-2.106027101806096,2115.265333333334
2018-04-30,2018-04,2018,4,1934.48,-222.3670000000002,-10.309817988944058,2098.1916666666675
2018-05-31,2018-05,2018,5,1675.1300000000003,-259.3499999999997,-13.406703610272508,1922.1523333333337
2018-06-30,2018-06,2018,6,1414.3490000000002,-260.7810000000002,-15.5678066776907,1674.6530000000005
2018-07-31,2018-07,2018,7,1563.479,149.12999999999988,10.54407363387677,1550.9860000000006
2018-08-31,2018-08,2018,8,1611.907,48.427999999999884,3.0974512609379445,1529.911666666667
2018-09-30,2018-09,2018,9,1981.3740000000003,369.4670000000003,22.921111453700505,1718.9200000000003
2018-10-31,2018-10,2018,10,2221.335,239.96099999999979,12.11083823649648,1938.2053333333336
2018-11-30,2018-11,2018,11,2008.6770000000001,-212.6579999999999,-9.573432192802978,2070.462
2018-12-31,2018-12,2018,12,2277.534,268.85699999999997,13.384780131399921,2169.1820000000002
2019-01-31,2019-01,2019,1,2907.863000000001,630.3290000000011,27.6759424886742,2398.0246666666676
2019-02-28,2019-02,2019,2,1944.1970000000006,-963.6660000000006,-33.14000693980426,2376.5313333333343
2019-03-31,2019-03,2019,3,2038.9379999999999,94.7409999999993,4.87301441160537,2296.999333333334
2019-04-30,2019-04,2019,4,1756.8050000000003,-282.1329999999996,-13.83725253048399,1913.3133333333337
2019-05-31,2019-05,2019,5,1822.1600000000003,65.35500000000002,3.7201055324865395,1872.6343333333336
2019-06-30,2019-06,2019,6,1482.4070000000002,-339.75300000000016,-18.64561838696932,1687.1240000000005
2019-07-31,2019-07,2019,7,1517.941,35.53399999999988,2.39704750449774,1607.5026666666672
2019-08-31,2019-08,2019,8,1377.779,-140.16200000000003,-9.233692218604016,1459.375666666667
2019-09-30,2019-09,2019,9,1864.3870000000002,486.6080000000002,35.318291249902934,1586.7023333333339
2019-10-31,2019-10,2019,10,538.6,-1325.7870000000003,-71.11114806099808,1260.2553333333337
