Date,Year,Month,Month_Name,Year_Month,Category,Sales_Quantity,Quarter,Month_Year,Cat_Total
2014-01-31,2014,1,Jan,2014-01,M01AB,127.69,Q1,Jan 2014,10499.440000000002
2014-01-31,2014,1,Jan,2014-01,M01AE,99.09000000000005,Q1,Jan 2014,8156.000000000003
2014-01-31,2014,1,Jan,2014-01,N02BA,152.09999999999997,Q1,Jan 2014,8051.459
2014-01-31,2014,1,Jan,2014-01,N02BE,878.0300000000002,Q1,Jan 2014,62477.94500000001
2014-01-31,2014,1,Jan,2014-01,N05B,354.0,Q1,Jan 2014,18348.3
2014-01-31,2014,1,Jan,2014-01,N05C,50.0,Q1,Jan 2014,1249.0
2014-01-31,2014,1,Jan,2014-01,R03,112.0,Q1,Jan 2014,11737.25
2014-01-31,2014,1,Jan,2014-01,R06,48.2,Q1,Jan 2014,6066.38
2014-02-28,2014,2,Feb,2014-02,M01AB,133.32,Q1,Feb 2014,10499.440000000002
2014-02-28,2014,2,Feb,2014-02,M01AE,126.0500000000001,Q1,Feb 2014,8156.000000000003
2014-02-28,2014,2,Feb,2014-02,N02BA,176.99999999999997,Q1,Feb 2014,8051.459
2014-02-28,2014,2,Feb,2014-02,N02BE,1001.9,Q1,Feb 2014,62477.94500000001
2014-02-28,2014,2,Feb,2014-02,N05B,347.0,Q1,Feb 2014,18348.3
2014-02-28,2014,2,Feb,2014-02,N05C,31.0,Q1,Feb 2014,1249.0
2014-02-28,2014,2,Feb,2014-02,R03,122.0,Q1,Feb 2014,11737.25
2014-02-28,2014,2,Feb,2014-02,R06,36.2,Q1,Feb 2014,6066.38
2014-03-31,2014,3,Mar,2014-03,M01AB,137.44000000000003,Q1,Mar 2014,10499.440000000002
2014-03-31,2014,3,Mar,2014-03,M01AE,92.95000000000007,Q1,Mar 2014,8156.000000000003
2014-03-31,2014,3,Mar,2014-03,N02BA,147.655,Q1,Mar 2014,8051.459
2014-03-31,2014,3,Mar,2014-03,N02BE,779.275,Q1,Mar 2014,62477.94500000001
2014-03-31,2014,3,Mar,2014-03,N05B,232.0,Q1,Mar 2014,18348.3
2014-03-31,2014,3,Mar,2014-03,N05C,20.0,Q1,Mar 2014,1249.0
2014-03-31,2014,3,Mar,2014-03,R03,112.0,Q1,Mar 2014,11737.25
2014-03-31,2014,3,Mar,2014-03,R06,85.4,Q1,Mar 2014,6066.38
2014-04-30,2014,4,Apr,2014-04,M01AB,113.10000000000004,Q2,Apr 2014,10499.440000000002
2014-04-30,2014,4,Apr,2014-04,M01AE,89.47500000000008,Q2,Apr 2014,8156.000000000003
2014-04-30,2014,4,Apr,2014-04,N02BA,130.89999999999998,Q2,Apr 2014,8051.459
2014-04-30,2014,4,Apr,2014-04,N02BE,698.5,Q2,Apr 2014,62477.94500000001
2014-04-30,2014,4,Apr,2014-04,N05B,209.0,Q2,Apr 2014,18348.3
2014-04-30,2014,4,Apr,2014-04,N05C,18.0,Q2,Apr 2014,1249.0
2014-04-30,2014,4,Apr,2014-04,R03,97.0,Q2,Apr 2014,11737.25
2014-04-30,2014,4,Apr,2014-04,R06,73.7,Q2,Apr 2014,6066.38
2014-05-31,2014,5,May,2014-05,M01AB,101.79000000000003,Q2,May 2014,10499.440000000002
2014-05-31,2014,5,May,2014-05,M01AE,119.93300000000008,Q2,May 2014,8156.000000000003
2014-05-31,2014,5,May,2014-05,N02BA,132.1,Q2,May 2014,8051.459
2014-05-31,2014,5,May,2014-05,N02BE,628.7800000000001,Q2,May 2014,62477.94500000001
2014-05-31,2014,5,May,2014-05,N05B,270.0,Q2,May 2014,18348.3
2014-05-31,2014,5,May,2014-05,N05C,23.0,Q2,May 2014,1249.0
2014-05-31,2014,5,May,2014-05,R03,107.0,Q2,May 2014,11737.25
2014-05-31,2014,5,May,2014-05,R06,123.7,Q2,May 2014,6066.38
2014-06-30,2014,6,Jun,2014-06,M01AB,112.07000000000002,Q2,Jun 2014,10499.440000000002
2014-06-30,2014,6,Jun,2014-06,M01AE,94.71000000000006,Q2,Jun 2014,8156.000000000003
2014-06-30,2014,6,Jun,2014-06,N02BA,122.9,Q2,Jun 2014,8051.459
2014-06-30,2014,6,Jun,2014-06,N02BE,548.225,Q2,Jun 2014,62477.94500000001
2014-06-30,2014,6,Jun,2014-06,N05B,323.0,Q2,Jun 2014,18348.3
2014-06-30,2014,6,Jun,2014-06,N05C,23.0,Q2,Jun 2014,1249.0
2014-06-30,2014,6,Jun,2014-06,R03,57.0,Q2,Jun 2014,11737.25
2014-06-30,2014,6,Jun,2014-06,R06,109.3,Q2,Jun 2014,6066.38
2014-07-31,2014,7,Jul,2014-07,M01AB,117.06000000000002,Q3,Jul 2014,10499.440000000002
2014-07-31,2014,7,Jul,2014-07,M01AE,95.01000000000012,Q3,Jul 2014,8156.000000000003
2014-07-31,2014,7,Jul,2014-07,N02BA,129.3,Q3,Jul 2014,8051.459
2014-07-31,2014,7,Jul,2014-07,N02BE,491.9,Q3,Jul 2014,62477.94500000001
2014-07-31,2014,7,Jul,2014-07,N05B,348.0,Q3,Jul 2014,18348.3
2014-07-31,2014,7,Jul,2014-07,N05C,21.0,Q3,Jul 2014,1249.0
2014-07-31,2014,7,Jul,2014-07,R03,61.0,Q3,Jul 2014,11737.25
2014-07-31,2014,7,Jul,2014-07,R06,69.1,Q3,Jul 2014,6066.38
2014-08-31,2014,8,Aug,2014-08,M01AB,134.79000000000005,Q3,Aug 2014,10499.440000000002
2014-08-31,2014,8,Aug,2014-08,M01AE,99.7800000000001,Q3,Aug 2014,8156.000000000003
2014-08-31,2014,8,Aug,2014-08,N02BA,123.8,Q3,Aug 2014,8051.459
2014-08-31,2014,8,Aug,2014-08,N02BE,583.8499999999999,Q3,Aug 2014,62477.94500000001
2014-08-31,2014,8,Aug,2014-08,N05B,420.0,Q3,Aug 2014,18348.3
2014-08-31,2014,8,Aug,2014-08,N05C,29.0,Q3,Aug 2014,1249.0
2014-08-31,2014,8,Aug,2014-08,R03,37.0,Q3,Aug 2014,11737.25
2014-08-31,2014,8,Aug,2014-08,R06,70.80000000000001,Q3,Aug 2014,6066.38
2014-09-30,2014,9,Sep,2014-09,M01AB,108.78000000000004,Q3,Sep 2014,10499.440000000002
2014-09-30,2014,9,Sep,2014-09,M01AE,109.0940000000001,Q3,Sep 2014,8156.000000000003
2014-09-30,2014,9,Sep,2014-09,N02BA,122.09999999999998,Q3,Sep 2014,8051.459
2014-09-30,2014,9,Sep,2014-09,N02BE,887.8199999999999,Q3,Sep 2014,62477.94500000001
2014-09-30,2014,9,Sep,2014-09,N05B,399.0,Q3,Sep 2014,18348.3
2014-09-30,2014,9,Sep,2014-09,N05C,14.0,Q3,Sep 2014,1249.0
2014-09-30,2014,9,Sep,2014-09,R03,115.0,Q3,Sep 2014,11737.25
2014-09-30,2014,9,Sep,2014-09,R06,58.8,Q3,Sep 2014,6066.38
2014-10-31,2014,10,Oct,2014-10,M01AB,154.75000000000003,Q4,Oct 2014,10499.440000000002
2014-10-31,2014,10,Oct,2014-10,M01AE,185.2410000000001,Q4,Oct 2014,8156.000000000003
2014-10-31,2014,10,Oct,2014-10,N02BA,191.6,Q4,Oct 2014,8051.459
2014-10-31,2014,10,Oct,2014-10,N02BE,1856.8149999999996,Q4,Oct 2014,62477.94500000001
2014-10-31,2014,10,Oct,2014-10,N05B,472.0,Q4,Oct 2014,18348.3
2014-10-31,2014,10,Oct,2014-10,N05C,30.0,Q4,Oct 2014,1249.0
2014-10-31,2014,10,Oct,2014-10,R03,182.0,Q4,Oct 2014,11737.25
2014-10-31,2014,10,Oct,2014-10,R06,74.5,Q4,Oct 2014,6066.38
2014-11-30,2014,11,Nov,2014-11,M01AB,138.08000000000004,Q4,Nov 2014,10499.440000000002
2014-11-30,2014,11,Nov,2014-11,M01AE,100.86000000000004,Q4,Nov 2014,8156.000000000003
2014-11-30,2014,11,Nov,2014-11,N02BA,142.7,Q4,Nov 2014,8051.459
2014-11-30,2014,11,Nov,2014-11,N02BE,723.8,Q4,Nov 2014,62477.94500000001
2014-11-30,2014,11,Nov,2014-11,N05B,489.0,Q4,Nov 2014,18348.3
2014-11-30,2014,11,Nov,2014-11,N05C,19.0,Q4,Nov 2014,1249.0
2014-11-30,2014,11,Nov,2014-11,R03,112.0,Q4,Nov 2014,11737.25
2014-11-30,2014,11,Nov,2014-11,R06,45.2,Q4,Nov 2014,6066.38
2014-12-31,2014,12,Dec,2014-12,M01AB,131.90000000000003,Q4,Dec 2014,10499.440000000002
2014-12-31,2014,12,Dec,2014-12,M01AE,121.40100000000004,Q4,Dec 2014,8156.000000000003
2014-12-31,2014,12,Dec,2014-12,N02BA,111.124,Q4,Dec 2014,8051.459
2014-12-31,2014,12,Dec,2014-12,N02BE,1015.66,Q4,Dec 2014,62477.94500000001
2014-12-31,2014,12,Dec,2014-12,N05B,492.0,Q4,Dec 2014,18348.3
2014-12-31,2014,12,Dec,2014-12,N05C,25.0,Q4,Dec 2014,1249.0
2014-12-31,2014,12,Dec,2014-12,R03,163.0,Q4,Dec 2014,11737.25
2014-12-31,2014,12,Dec,2014-12,R06,33.4,Q4,Dec 2014,6066.38
2015-01-31,2015,1,Jan,2015-01,M01AB,135.91000000000005,Q1,Jan 2015,10499.440000000002
2015-01-31,2015,1,Jan,2015-01,M01AE,130.34900000000005,Q1,Jan 2015,8156.000000000003
2015-01-31,2015,1,Jan,2015-01,N02BA,141.0,Q1,Jan 2015,8051.459
2015-01-31,2015,1,Jan,2015-01,N02BE,1044.2400000000002,Q1,Jan 2015,62477.94500000001
2015-01-31,2015,1,Jan,2015-01,N05B,463.0,Q1,Jan 2015,18348.3
2015-01-31,2015,1,Jan,2015-01,N05C,24.0,Q1,Jan 2015,1249.0
2015-01-31,2015,1,Jan,2015-01,R03,177.25,Q1,Jan 2015,11737.25
2015-01-31,2015,1,Jan,2015-01,R06,42.0,Q1,Jan 2015,6066.38
2015-02-28,2015,2,Feb,2015-02,M01AB,115.71,Q1,Feb 2015,10499.440000000002
2015-02-28,2015,2,Feb,2015-02,M01AE,123.73999999999997,Q1,Feb 2015,8156.000000000003
2015-02-28,2015,2,Feb,2015-02,N02BA,131.83,Q1,Feb 2015,8051.459
2015-02-28,2015,2,Feb,2015-02,N02BE,953.252,Q1,Feb 2015,62477.94500000001
2015-02-28,2015,2,Feb,2015-02,N05B,243.0,Q1,Feb 2015,18348.3
2015-02-28,2015,2,Feb,2015-02,N05C,9.0,Q1,Feb 2015,1249.0
2015-02-28,2015,2,Feb,2015-02,R03,208.0,Q1,Feb 2015,11737.25
2015-02-28,2015,2,Feb,2015-02,R06,47.0,Q1,Feb 2015,6066.38
2015-03-31,2015,3,Mar,2015-03,M01AB,156.04000000000005,Q1,Mar 2015,10499.440000000002
2015-03-31,2015,3,Mar,2015-03,M01AE,129.38599999999997,Q1,Mar 2015,8156.000000000003
2015-03-31,2015,3,Mar,2015-03,N02BA,133.8,Q1,Mar 2015,8051.459
2015-03-31,2015,3,Mar,2015-03,N02BE,1084.85,Q1,Mar 2015,62477.94500000001
2015-03-31,2015,3,Mar,2015-03,N05B,208.0,Q1,Mar 2015,18348.3
2015-03-31,2015,3,Mar,2015-03,N05C,13.0,Q1,Mar 2015,1249.0
2015-03-31,2015,3,Mar,2015-03,R03,195.0,Q1,Mar 2015,11737.25
2015-03-31,2015,3,Mar,2015-03,R06,54.0,Q1,Mar 2015,6066.38
2015-04-30,2015,4,Apr,2015-04,M01AB,154.5,Q2,Apr 2015,10499.440000000002
2015-04-30,2015,4,Apr,2015-04,M01AE,101.115,Q2,Apr 2015,8156.000000000003
2015-04-30,2015,4,Apr,2015-04,N02BA,122.1,Q2,Apr 2015,8051.459
2015-04-30,2015,4,Apr,2015-04,N02BE,940.17,Q2,Apr 2015,62477.94500000001
2015-04-30,2015,4,Apr,2015-04,N05B,192.0,Q2,Apr 2015,18348.3
2015-04-30,2015,4,Apr,2015-04,N05C,5.0,Q2,Apr 2015,1249.0
2015-04-30,2015,4,Apr,2015-04,R03,97.0,Q2,Apr 2015,11737.25
2015-04-30,2015,4,Apr,2015-04,R06,112.0,Q2,Apr 2015,6066.38
2015-05-31,2015,5,May,2015-05,M01AB,160.02,Q2,May 2015,10499.440000000002
2015-05-31,2015,5,May,2015-05,M01AE,119.11700000000006,Q2,May 2015,8156.000000000003
2015-05-31,2015,5,May,2015-05,N02BA,136.04,Q2,May 2015,8051.459
2015-05-31,2015,5,May,2015-05,N02BE,765.9000000000001,Q2,May 2015,62477.94500000001
2015-05-31,2015,5,May,2015-05,N05B,194.0,Q2,May 2015,18348.3
2015-05-31,2015,5,May,2015-05,N05C,10.0,Q2,May 2015,1249.0
2015-05-31,2015,5,May,2015-05,R03,100.0,Q2,May 2015,11737.25
2015-05-31,2015,5,May,2015-05,R06,159.5,Q2,May 2015,6066.38
2015-06-30,2015,6,Jun,2015-06,M01AB,151.87000000000003,Q2,Jun 2015,10499.440000000002
2015-06-30,2015,6,Jun,2015-06,M01AE,113.69,Q2,Jun 2015,8156.000000000003
2015-06-30,2015,6,Jun,2015-06,N02BA,145.46,Q2,Jun 2015,8051.459
2015-06-30,2015,6,Jun,2015-06,N02BE,746.788,Q2,Jun 2015,62477.94500000001
2015-06-30,2015,6,Jun,2015-06,N05B,217.0,Q2,Jun 2015,18348.3
2015-06-30,2015,6,Jun,2015-06,N05C,12.0,Q2,Jun 2015,1249.0
2015-06-30,2015,6,Jun,2015-06,R03,193.0,Q2,Jun 2015,11737.25
2015-06-30,2015,6,Jun,2015-06,R06,125.79999999999998,Q2,Jun 2015,6066.38
2015-07-31,2015,7,Jul,2015-07,M01AB,175.61000000000004,Q3,Jul 2015,10499.440000000002
2015-07-31,2015,7,Jul,2015-07,M01AE,113.81000000000002,Q3,Jul 2015,8156.000000000003
2015-07-31,2015,7,Jul,2015-07,N02BA,125.5,Q3,Jul 2015,8051.459
2015-07-31,2015,7,Jul,2015-07,N02BE,708.8280000000001,Q3,Jul 2015,62477.94500000001
2015-07-31,2015,7,Jul,2015-07,N05B,203.0,Q3,Jul 2015,18348.3
2015-07-31,2015,7,Jul,2015-07,N05C,6.0,Q3,Jul 2015,1249.0
2015-07-31,2015,7,Jul,2015-07,R03,60.0,Q3,Jul 2015,11737.25
2015-07-31,2015,7,Jul,2015-07,R06,130.3,Q3,Jul 2015,6066.38
2015-08-31,2015,8,Aug,2015-08,M01AB,181.69000000000003,Q3,Aug 2015,10499.440000000002
2015-08-31,2015,8,Aug,2015-08,M01AE,144.51900000000003,Q3,Aug 2015,8156.000000000003
2015-08-31,2015,8,Aug,2015-08,N02BA,133.4,Q3,Aug 2015,8051.459
2015-08-31,2015,8,Aug,2015-08,N02BE,790.788,Q3,Aug 2015,62477.94500000001
2015-08-31,2015,8,Aug,2015-08,N05B,265.5,Q3,Aug 2015,18348.3
2015-08-31,2015,8,Aug,2015-08,N05C,15.0,Q3,Aug 2015,1249.0
2015-08-31,2015,8,Aug,2015-08,R03,45.0,Q3,Aug 2015,11737.25
2015-08-31,2015,8,Aug,2015-08,R06,83.7,Q3,Aug 2015,6066.38
2015-09-30,2015,9,Sep,2015-09,M01AB,166.22000000000008,Q3,Sep 2015,10499.440000000002
2015-09-30,2015,9,Sep,2015-09,M01AE,134.12200000000004,Q3,Sep 2015,8156.000000000003
2015-09-30,2015,9,Sep,2015-09,N02BA,110.4,Q3,Sep 2015,8051.459
2015-09-30,2015,9,Sep,2015-09,N02BE,852.125,Q3,Sep 2015,62477.94500000001
2015-09-30,2015,9,Sep,2015-09,N05B,243.5,Q3,Sep 2015,18348.3
2015-09-30,2015,9,Sep,2015-09,N05C,11.0,Q3,Sep 2015,1249.0
2015-09-30,2015,9,Sep,2015-09,R03,91.0,Q3,Sep 2015,11737.25
2015-09-30,2015,9,Sep,2015-09,R06,71.0,Q3,Sep 2015,6066.38
2015-10-31,2015,10,Oct,2015-10,M01AB,195.81000000000012,Q4,Oct 2015,10499.440000000002
2015-10-31,2015,10,Oct,2015-10,M01AE,127.23099999999998,Q4,Oct 2015,8156.000000000003
2015-10-31,2015,10,Oct,2015-10,N02BA,146.20000000000002,Q4,Oct 2015,8051.459
2015-10-31,2015,10,Oct,2015-10,N02BE,1574.3350000000007,Q4,Oct 2015,62477.94500000001
2015-10-31,2015,10,Oct,2015-10,N05B,222.0,Q4,Oct 2015,18348.3
2015-10-31,2015,10,Oct,2015-10,N05C,8.0,Q4,Oct 2015,1249.0
2015-10-31,2015,10,Oct,2015-10,R03,184.0,Q4,Oct 2015,11737.25
2015-10-31,2015,10,Oct,2015-10,R06,72.0,Q4,Oct 2015,6066.38
2015-11-30,2015,11,Nov,2015-11,M01AB,152.78000000000006,Q4,Nov 2015,10499.440000000002
2015-11-30,2015,11,Nov,2015-11,M01AE,128.233,Q4,Nov 2015,8156.000000000003
2015-11-30,2015,11,Nov,2015-11,N02BA,145.90000000000003,Q4,Nov 2015,8051.459
2015-11-30,2015,11,Nov,2015-11,N02BE,1277.725,Q4,Nov 2015,62477.94500000001
2015-11-30,2015,11,Nov,2015-11,N05B,228.0,Q4,Nov 2015,18348.3
2015-11-30,2015,11,Nov,2015-11,N05C,18.0,Q4,Nov 2015,1249.0
2015-11-30,2015,11,Nov,2015-11,R03,195.0,Q4,Nov 2015,11737.25
2015-11-30,2015,11,Nov,2015-11,R06,44.0,Q4,Nov 2015,6066.38
2015-12-31,2015,12,Dec,2015-12,M01AB,159.46000000000004,Q4,Dec 2015,10499.440000000002
2015-12-31,2015,12,Dec,2015-12,M01AE,131.29100000000005,Q4,Dec 2015,8156.000000000003
2015-12-31,2015,12,Dec,2015-12,N02BA,136.99999999999997,Q4,Dec 2015,8051.459
2015-12-31,2015,12,Dec,2015-12,N02BE,1258.3490000000002,Q4,Dec 2015,62477.94500000001
2015-12-31,2015,12,Dec,2015-12,N05B,286.0,Q4,Dec 2015,18348.3
2015-12-31,2015,12,Dec,2015-12,N05C,28.0,Q4,Dec 2015,1249.0
2015-12-31,2015,12,Dec,2015-12,R03,231.0,Q4,Dec 2015,11737.25
2015-12-31,2015,12,Dec,2015-12,R06,41.73,Q4,Dec 2015,6066.38
2016-01-31,2016,1,Jan,2016-01,M01AB,171.65000000000006,Q1,Jan 2016,10499.440000000002
2016-01-31,2016,1,Jan,2016-01,M01AE,128.402,Q1,Jan 2016,8156.000000000003
2016-01-31,2016,1,Jan,2016-01,N02BA,172.49999999999997,Q1,Jan 2016,8051.459
2016-01-31,2016,1,Jan,2016-01,N02BE,1476.3240000000003,Q1,Jan 2016,62477.94500000001
2016-01-31,2016,1,Jan,2016-01,N05B,248.0,Q1,Jan 2016,18348.3
2016-01-31,2016,1,Jan,2016-01,N05C,24.0,Q1,Jan 2016,1249.0
2016-01-31,2016,1,Jan,2016-01,R03,174.0,Q1,Jan 2016,11737.25
2016-01-31,2016,1,Jan,2016-01,R06,56.5,Q1,Jan 2016,6066.38
2016-02-29,2016,2,Feb,2016-02,M01AB,173.81000000000003,Q1,Feb 2016,10499.440000000002
2016-02-29,2016,2,Feb,2016-02,M01AE,137.528,Q1,Feb 2016,8156.000000000003
2016-02-29,2016,2,Feb,2016-02,N02BA,134.20000000000002,Q1,Feb 2016,8051.459
2016-02-29,2016,2,Feb,2016-02,N02BE,1224.8620000000003,Q1,Feb 2016,62477.94500000001
2016-02-29,2016,2,Feb,2016-02,N05B,239.0,Q1,Feb 2016,18348.3
2016-02-29,2016,2,Feb,2016-02,N05C,20.0,Q1,Feb 2016,1249.0
2016-02-29,2016,2,Feb,2016-02,R03,245.0,Q1,Feb 2016,11737.25
2016-02-29,2016,2,Feb,2016-02,R06,58.0,Q1,Feb 2016,6066.38
2016-03-31,2016,3,Mar,2016-03,M01AB,156.64000000000004,Q1,Mar 2016,10499.440000000002
2016-03-31,2016,3,Mar,2016-03,M01AE,180.5890000000001,Q1,Mar 2016,8156.000000000003
2016-03-31,2016,3,Mar,2016-03,N02BA,148.4,Q1,Mar 2016,8051.459
2016-03-31,2016,3,Mar,2016-03,N02BE,1150.7000000000005,Q1,Mar 2016,62477.94500000001
2016-03-31,2016,3,Mar,2016-03,N05B,250.0,Q1,Mar 2016,18348.3
2016-03-31,2016,3,Mar,2016-03,N05C,13.0,Q1,Mar 2016,1249.0
2016-03-31,2016,3,Mar,2016-03,R03,253.0,Q1,Mar 2016,11737.25
2016-03-31,2016,3,Mar,2016-03,R06,97.84,Q1,Mar 2016,6066.38
2016-04-30,2016,4,Apr,2016-04,M01AB,166.6100000000001,Q2,Apr 2016,10499.440000000002
2016-04-30,2016,4,Apr,2016-04,M01AE,146.52600000000007,Q2,Apr 2016,8156.000000000003
2016-04-30,2016,4,Apr,2016-04,N02BA,147.7,Q2,Apr 2016,8051.459
2016-04-30,2016,4,Apr,2016-04,N02BE,998.3370000000004,Q2,Apr 2016,62477.94500000001
2016-04-30,2016,4,Apr,2016-04,N05B,318.0,Q2,Apr 2016,18348.3
2016-04-30,2016,4,Apr,2016-04,N05C,18.0,Q2,Apr 2016,1249.0
2016-04-30,2016,4,Apr,2016-04,R03,216.0,Q2,Apr 2016,11737.25
2016-04-30,2016,4,Apr,2016-04,R06,162.39999999999998,Q2,Apr 2016,6066.38
2016-05-31,2016,5,May,2016-05,M01AB,167.36000000000007,Q2,May 2016,10499.440000000002
2016-05-31,2016,5,May,2016-05,M01AE,120.86099999999996,Q2,May 2016,8156.000000000003
2016-05-31,2016,5,May,2016-05,N02BA,130.54999999999995,Q2,May 2016,8051.459
2016-05-31,2016,5,May,2016-05,N02BE,997.1500000000004,Q2,May 2016,62477.94500000001
2016-05-31,2016,5,May,2016-05,N05B,275.0,Q2,May 2016,18348.3
2016-05-31,2016,5,May,2016-05,N05C,18.0,Q2,May 2016,1249.0
2016-05-31,2016,5,May,2016-05,R03,131.0,Q2,May 2016,11737.25
2016-05-31,2016,5,May,2016-05,R06,137.10000000000002,Q2,May 2016,6066.38
2016-06-30,2016,6,Jun,2016-06,M01AB,169.67000000000002,Q2,Jun 2016,10499.440000000002
2016-06-30,2016,6,Jun,2016-06,M01AE,114.961,Q2,Jun 2016,8156.000000000003
2016-06-30,2016,6,Jun,2016-06,N02BA,117.75,Q2,Jun 2016,8051.459
2016-06-30,2016,6,Jun,2016-06,N02BE,760.05,Q2,Jun 2016,62477.94500000001
2016-06-30,2016,6,Jun,2016-06,N05B,311.0,Q2,Jun 2016,18348.3
2016-06-30,2016,6,Jun,2016-06,N05C,20.0,Q2,Jun 2016,1249.0
2016-06-30,2016,6,Jun,2016-06,R03,127.0,Q2,Jun 2016,11737.25
2016-06-30,2016,6,Jun,2016-06,R06,134.8,Q2,Jun 2016,6066.38
2016-07-31,2016,7,Jul,2016-07,M01AB,203.97000000000017,Q3,Jul 2016,10499.440000000002
2016-07-31,2016,7,Jul,2016-07,M01AE,141.01900000000003,Q3,Jul 2016,8156.000000000003
2016-07-31,2016,7,Jul,2016-07,N02BA,137.89999999999998,Q3,Jul 2016,8051.459
2016-07-31,2016,7,Jul,2016-07,N02BE,652.3619999999999,Q3,Jul 2016,62477.94500000001
2016-07-31,2016,7,Jul,2016-07,N05B,240.0,Q3,Jul 2016,18348.3
2016-07-31,2016,7,Jul,2016-07,N05C,8.0,Q3,Jul 2016,1249.0
2016-07-31,2016,7,Jul,2016-07,R03,109.0,Q3,Jul 2016,11737.25
2016-07-31,2016,7,Jul,2016-07,R06,116.83,Q3,Jul 2016,6066.38
2016-08-31,2016,8,Aug,2016-08,M01AB,211.13000000000017,Q3,Aug 2016,10499.440000000002
2016-08-31,2016,8,Aug,2016-08,M01AE,114.37499999999996,Q3,Aug 2016,8156.000000000003
2016-08-31,2016,8,Aug,2016-08,N02BA,132.7,Q3,Aug 2016,8051.459
2016-08-31,2016,8,Aug,2016-08,N02BE,753.0500000000002,Q3,Aug 2016,62477.94500000001
2016-08-31,2016,8,Aug,2016-08,N05B,275.5,Q3,Aug 2016,18348.3
2016-08-31,2016,8,Aug,2016-08,N05C,12.0,Q3,Aug 2016,1249.0
2016-08-31,2016,8,Aug,2016-08,R03,116.0,Q3,Aug 2016,11737.25
2016-08-31,2016,8,Aug,2016-08,R06,85.3,Q3,Aug 2016,6066.38
2016-09-30,2016,9,Sep,2016-09,M01AB,172.96000000000004,Q3,Sep 2016,10499.440000000002
2016-09-30,2016,9,Sep,2016-09,M01AE,126.21799999999996,Q3,Sep 2016,8156.000000000003
2016-09-30,2016,9,Sep,2016-09,N02BA,116.7,Q3,Sep 2016,8051.459
2016-09-30,2016,9,Sep,2016-09,N02BE,1118.699,Q3,Sep 2016,62477.94500000001
2016-09-30,2016,9,Sep,2016-09,N05B,307.0,Q3,Sep 2016,18348.3
2016-09-30,2016,9,Sep,2016-09,N05C,18.0,Q3,Sep 2016,1249.0
2016-09-30,2016,9,Sep,2016-09,R03,121.0,Q3,Sep 2016,11737.25
2016-09-30,2016,9,Sep,2016-09,R06,69.3,Q3,Sep 2016,6066.38
2016-10-31,2016,10,Oct,2016-10,M01AB,186.7600000000001,Q4,Oct 2016,10499.440000000002
2016-10-31,2016,10,Oct,2016-10,M01AE,142.0560000000001,Q4,Oct 2016,8156.000000000003
2016-10-31,2016,10,Oct,2016-10,N02BA,160.15,Q4,Oct 2016,8051.459
2016-10-31,2016,10,Oct,2016-10,N02BE,1617.275000000001,Q4,Oct 2016,62477.94500000001
2016-10-31,2016,10,Oct,2016-10,N05B,312.0,Q4,Oct 2016,18348.3
2016-10-31,2016,10,Oct,2016-10,N05C,11.0,Q4,Oct 2016,1249.0
2016-10-31,2016,10,Oct,2016-10,R03,220.0,Q4,Oct 2016,11737.25
2016-10-31,2016,10,Oct,2016-10,R06,60.9,Q4,Oct 2016,6066.38
2016-11-30,2016,11,Nov,2016-11,M01AB,175.18000000000012,Q4,Nov 2016,10499.440000000002
2016-11-30,2016,11,Nov,2016-11,M01AE,116.84999999999997,Q4,Nov 2016,8156.000000000003
2016-11-30,2016,11,Nov,2016-11,N02BA,133.85000000000002,Q4,Nov 2016,8051.459
2016-11-30,2016,11,Nov,2016-11,N02BE,1062.6860000000004,Q4,Nov 2016,62477.94500000001
2016-11-30,2016,11,Nov,2016-11,N05B,246.0,Q4,Nov 2016,18348.3
2016-11-30,2016,11,Nov,2016-11,N05C,27.0,Q4,Nov 2016,1249.0
2016-11-30,2016,11,Nov,2016-11,R03,150.0,Q4,Nov 2016,11737.25
2016-11-30,2016,11,Nov,2016-11,R06,51.2,Q4,Nov 2016,6066.38
2016-12-31,2016,12,Dec,2016-12,M01AB,169.32000000000002,Q4,Dec 2016,10499.440000000002
2016-12-31,2016,12,Dec,2016-12,M01AE,135.05600000000004,Q4,Dec 2016,8156.000000000003
2016-12-31,2016,12,Dec,2016-12,N02BA,132.39999999999998,Q4,Dec 2016,8051.459
2016-12-31,2016,12,Dec,2016-12,N02BE,1624.3350000000005,Q4,Dec 2016,62477.94500000001
2016-12-31,2016,12,Dec,2016-12,N05B,257.0,Q4,Dec 2016,18348.3
2016-12-31,2016,12,Dec,2016-12,N05C,18.0,Q4,Dec 2016,1249.0
2016-12-31,2016,12,Dec,2016-12,R03,275.0,Q4,Dec 2016,11737.25
2016-12-31,2016,12,Dec,2016-12,R06,34.9,Q4,Dec 2016,6066.38
2017-01-31,2017,1,Jan,2017-01,M01AB,0.0,Q1,Jan 2017,10499.440000000002
2017-01-31,2017,1,Jan,2017-01,M01AE,0.0,Q1,Jan 2017,8156.000000000003
2017-01-31,2017,1,Jan,2017-01,N02BA,0.0,Q1,Jan 2017,8051.459
2017-01-31,2017,1,Jan,2017-01,N02BE,0.0,Q1,Jan 2017,62477.94500000001
2017-01-31,2017,1,Jan,2017-01,N05B,1.0,Q1,Jan 2017,18348.3
2017-01-31,2017,1,Jan,2017-01,N05C,0.0,Q1,Jan 2017,1249.0
2017-01-31,2017,1,Jan,2017-01,R03,0.0,Q1,Jan 2017,11737.25
2017-01-31,2017,1,Jan,2017-01,R06,0.0,Q1,Jan 2017,6066.38
2017-02-28,2017,2,Feb,2017-02,M01AB,139.69000000000003,Q1,Feb 2017,10499.440000000002
2017-02-28,2017,2,Feb,2017-02,M01AE,103.517,Q1,Feb 2017,8156.000000000003
2017-02-28,2017,2,Feb,2017-02,N02BA,97.0,Q1,Feb 2017,8051.459
2017-02-28,2017,2,Feb,2017-02,N02BE,526.3500000000001,Q1,Feb 2017,62477.94500000001
2017-02-28,2017,2,Feb,2017-02,N05B,144.0,Q1,Feb 2017,18348.3
2017-02-28,2017,2,Feb,2017-02,N05C,7.0,Q1,Feb 2017,1249.0
2017-02-28,2017,2,Feb,2017-02,R03,117.0,Q1,Feb 2017,11737.25
2017-02-28,2017,2,Feb,2017-02,R06,30.6,Q1,Feb 2017,6066.38
2017-03-31,2017,3,Mar,2017-03,M01AB,162.85000000000002,Q1,Mar 2017,10499.440000000002
2017-03-31,2017,3,Mar,2017-03,M01AE,111.055,Q1,Mar 2017,8156.000000000003
2017-03-31,2017,3,Mar,2017-03,N02BA,107.35,Q1,Mar 2017,8051.459
2017-03-31,2017,3,Mar,2017-03,N02BE,612.5000000000002,Q1,Mar 2017,62477.94500000001
2017-03-31,2017,3,Mar,2017-03,N05B,165.0,Q1,Mar 2017,18348.3
2017-03-31,2017,3,Mar,2017-03,N05C,9.0,Q1,Mar 2017,1249.0
2017-03-31,2017,3,Mar,2017-03,R03,139.0,Q1,Mar 2017,11737.25
2017-03-31,2017,3,Mar,2017-03,R06,100.1,Q1,Mar 2017,6066.38
2017-04-30,2017,4,Apr,2017-04,M01AB,155.61000000000004,Q2,Apr 2017,10499.440000000002
2017-04-30,2017,4,Apr,2017-04,M01AE,101.21500000000002,Q2,Apr 2017,8156.000000000003
2017-04-30,2017,4,Apr,2017-04,N02BA,100.5,Q2,Apr 2017,8051.459
2017-04-30,2017,4,Apr,2017-04,N02BE,540.1999999999998,Q2,Apr 2017,62477.94500000001
2017-04-30,2017,4,Apr,2017-04,N05B,132.0,Q2,Apr 2017,18348.3
2017-04-30,2017,4,Apr,2017-04,N05C,9.0,Q2,Apr 2017,1249.0
2017-04-30,2017,4,Apr,2017-04,R03,209.0,Q2,Apr 2017,11737.25
2017-04-30,2017,4,Apr,2017-04,R06,122.4,Q2,Apr 2017,6066.38
2017-05-31,2017,5,May,2017-05,M01AB,143.66,Q2,May 2017,10499.440000000002
2017-05-31,2017,5,May,2017-05,M01AE,118.12500000000006,Q2,May 2017,8156.000000000003
2017-05-31,2017,5,May,2017-05,N02BA,98.95,Q2,May 2017,8051.459
2017-05-31,2017,5,May,2017-05,N02BE,547.9399999999998,Q2,May 2017,62477.94500000001
2017-05-31,2017,5,May,2017-05,N05B,148.0,Q2,May 2017,18348.3
2017-05-31,2017,5,May,2017-05,N05C,23.0,Q2,May 2017,1249.0
2017-05-31,2017,5,May,2017-05,R03,128.0,Q2,May 2017,11737.25
2017-05-31,2017,5,May,2017-05,R06,161.81,Q2,May 2017,6066.38
2017-06-30,2017,6,Jun,2017-06,M01AB,122.33,Q2,Jun 2017,10499.440000000002
2017-06-30,2017,6,Jun,2017-06,M01AE,103.006,Q2,Jun 2017,8156.000000000003
2017-06-30,2017,6,Jun,2017-06,N02BA,119.6,Q2,Jun 2017,8051.459
2017-06-30,2017,6,Jun,2017-06,N02BE,496.1,Q2,Jun 2017,62477.94500000001
2017-06-30,2017,6,Jun,2017-06,N05B,163.0,Q2,Jun 2017,18348.3
2017-06-30,2017,6,Jun,2017-06,N05C,8.0,Q2,Jun 2017,1249.0
2017-06-30,2017,6,Jun,2017-06,R03,163.0,Q2,Jun 2017,11737.25
2017-06-30,2017,6,Jun,2017-06,R06,151.89999999999998,Q2,Jun 2017,6066.38
2017-07-31,2017,7,Jul,2017-07,M01AB,159.67,Q3,Jul 2017,10499.440000000002
2017-07-31,2017,7,Jul,2017-07,M01AE,116.20600000000005,Q3,Jul 2017,8156.000000000003
2017-07-31,2017,7,Jul,2017-07,N02BA,75.19999999999999,Q3,Jul 2017,8051.459
2017-07-31,2017,7,Jul,2017-07,N02BE,479.35,Q3,Jul 2017,62477.94500000001
2017-07-31,2017,7,Jul,2017-07,N05B,219.0,Q3,Jul 2017,18348.3
2017-07-31,2017,7,Jul,2017-07,N05C,15.0,Q3,Jul 2017,1249.0
2017-07-31,2017,7,Jul,2017-07,R03,115.0,Q3,Jul 2017,11737.25
2017-07-31,2017,7,Jul,2017-07,R06,81.1,Q3,Jul 2017,6066.38
2017-08-31,2017,8,Aug,2017-08,M01AB,170.14999999999998,Q3,Aug 2017,10499.440000000002
2017-08-31,2017,8,Aug,2017-08,M01AE,112.47,Q3,Aug 2017,8156.000000000003
2017-08-31,2017,8,Aug,2017-08,N02BA,84.4,Q3,Aug 2017,8051.459
2017-08-31,2017,8,Aug,2017-08,N02BE,549.3,Q3,Aug 2017,62477.94500000001
2017-08-31,2017,8,Aug,2017-08,N05B,239.0,Q3,Aug 2017,18348.3
2017-08-31,2017,8,Aug,2017-08,N05C,12.0,Q3,Aug 2017,1249.0
2017-08-31,2017,8,Aug,2017-08,R03,75.0,Q3,Aug 2017,11737.25
2017-08-31,2017,8,Aug,2017-08,R06,60.1,Q3,Aug 2017,6066.38
2017-09-30,2017,9,Sep,2017-09,M01AB,138.33,Q3,Sep 2017,10499.440000000002
2017-09-30,2017,9,Sep,2017-09,M01AE,118.71100000000004,Q3,Sep 2017,8156.000000000003
2017-09-30,2017,9,Sep,2017-09,N02BA,88.14999999999998,Q3,Sep 2017,8051.459
2017-09-30,2017,9,Sep,2017-09,N02BE,863.7500000000002,Q3,Sep 2017,62477.94500000001
2017-09-30,2017,9,Sep,2017-09,N05B,223.0,Q3,Sep 2017,18348.3
2017-09-30,2017,9,Sep,2017-09,N05C,23.0,Q3,Sep 2017,1249.0
2017-09-30,2017,9,Sep,2017-09,R03,139.0,Q3,Sep 2017,11737.25
2017-09-30,2017,9,Sep,2017-09,R06,66.9,Q3,Sep 2017,6066.38
2017-10-31,2017,10,Oct,2017-10,M01AB,137.64,Q4,Oct 2017,10499.440000000002
2017-10-31,2017,10,Oct,2017-10,M01AE,88.737,Q4,Oct 2017,8156.000000000003
2017-10-31,2017,10,Oct,2017-10,N02BA,100.4,Q4,Oct 2017,8051.459
2017-10-31,2017,10,Oct,2017-10,N02BE,1184.3500000000004,Q4,Oct 2017,62477.94500000001
2017-10-31,2017,10,Oct,2017-10,N05B,226.0,Q4,Oct 2017,18348.3
2017-10-31,2017,10,Oct,2017-10,N05C,15.0,Q4,Oct 2017,1249.0
2017-10-31,2017,10,Oct,2017-10,R03,247.0,Q4,Oct 2017,11737.25
2017-10-31,2017,10,Oct,2017-10,R06,51.0,Q4,Oct 2017,6066.38
2017-11-30,2017,11,Nov,2017-11,M01AB,163.85000000000005,Q4,Nov 2017,10499.440000000002
2017-11-30,2017,11,Nov,2017-11,M01AE,119.78000000000004,Q4,Nov 2017,8156.000000000003
2017-11-30,2017,11,Nov,2017-11,N02BA,104.45,Q4,Nov 2017,8051.459
2017-11-30,2017,11,Nov,2017-11,N02BE,867.8990000000001,Q4,Nov 2017,62477.94500000001
2017-11-30,2017,11,Nov,2017-11,N05B,192.0,Q4,Nov 2017,18348.3
2017-11-30,2017,11,Nov,2017-11,N05C,15.0,Q4,Nov 2017,1249.0
2017-11-30,2017,11,Nov,2017-11,R03,196.0,Q4,Nov 2017,11737.25
2017-11-30,2017,11,Nov,2017-11,R06,46.6,Q4,Nov 2017,6066.38
2017-12-31,2017,12,Dec,2017-12,M01AB,160.01000000000002,Q4,Dec 2017,10499.440000000002
2017-12-31,2017,12,Dec,2017-12,M01AE,121.66300000000004,Q4,Dec 2017,8156.000000000003
2017-12-31,2017,12,Dec,2017-12,N02BA,115.15,Q4,Dec 2017,8051.459
2017-12-31,2017,12,Dec,2017-12,N02BE,1007.18,Q4,Dec 2017,62477.94500000001
2017-12-31,2017,12,Dec,2017-12,N05B,226.0,Q4,Dec 2017,18348.3
2017-12-31,2017,12,Dec,2017-12,N05C,6.0,Q4,Dec 2017,1249.0
2017-12-31,2017,12,Dec,2017-12,R03,204.0,Q4,Dec 2017,11737.25
2017-12-31,2017,12,Dec,2017-12,R06,47.1,Q4,Dec 2017,6066.38
2018-01-31,2018,1,Jan,2018-01,M01AB,132.28,Q1,Jan 2018,10499.440000000002
2018-01-31,2018,1,Jan,2018-01,M01AE,109.44599999999998,Q1,Jan 2018,8156.000000000003
2018-01-31,2018,1,Jan,2018-01,N02BA,101.15,Q1,Jan 2018,8051.459
2018-01-31,2018,1,Jan,2018-01,N02BE,1134.325,Q1,Jan 2018,62477.94500000001
2018-01-31,2018,1,Jan,2018-01,N05B,229.0,Q1,Jan 2018,18348.3
2018-01-31,2018,1,Jan,2018-01,N05C,11.0,Q1,Jan 2018,1249.0
2018-01-31,2018,1,Jan,2018-01,R03,219.0,Q1,Jan 2018,11737.25
2018-01-31,2018,1,Jan,2018-01,R06,49.5,Q1,Jan 2018,6066.38
2018-02-28,2018,2,Feb,2018-02,M01AB,128.36,Q1,Feb 2018,10499.440000000002
2018-02-28,2018,2,Feb,2018-02,M01AE,132.80400000000014,Q1,Feb 2018,8156.000000000003
2018-02-28,2018,2,Feb,2018-02,N02BA,114.65000000000002,Q1,Feb 2018,8051.459
2018-02-28,2018,2,Feb,2018-02,N02BE,1255.3740000000007,Q1,Feb 2018,62477.94500000001
2018-02-28,2018,2,Feb,2018-02,N05B,268.0,Q1,Feb 2018,18348.3
2018-02-28,2018,2,Feb,2018-02,N05C,12.0,Q1,Feb 2018,1249.0
2018-02-28,2018,2,Feb,2018-02,R03,253.0,Q1,Feb 2018,11737.25
2018-02-28,2018,2,Feb,2018-02,R06,39.06,Q1,Feb 2018,6066.38
2018-03-31,2018,3,Mar,2018-03,M01AB,146.16,Q1,Mar 2018,10499.440000000002
2018-03-31,2018,3,Mar,2018-03,M01AE,111.764,Q1,Mar 2018,8156.000000000003
2018-03-31,2018,3,Mar,2018-03,N02BA,122.3,Q1,Mar 2018,8051.459
2018-03-31,2018,3,Mar,2018-03,N02BE,999.1230000000004,Q1,Mar 2018,62477.94500000001
2018-03-31,2018,3,Mar,2018-03,N05B,381.0,Q1,Mar 2018,18348.3
2018-03-31,2018,3,Mar,2018-03,N05C,42.0,Q1,Mar 2018,1249.0
2018-03-31,2018,3,Mar,2018-03,R03,269.0,Q1,Mar 2018,11737.25
2018-03-31,2018,3,Mar,2018-03,R06,85.5,Q1,Mar 2018,6066.38
2018-04-30,2018,4,Apr,2018-04,M01AB,170.02000000000007,Q2,Apr 2018,10499.440000000002
2018-04-30,2018,4,Apr,2018-04,M01AE,107.723,Q2,Apr 2018,8156.000000000003
2018-04-30,2018,4,Apr,2018-04,N02BA,84.60000000000001,Q2,Apr 2018,8051.459
2018-04-30,2018,4,Apr,2018-04,N02BE,836.0369999999999,Q2,Apr 2018,62477.94500000001
2018-04-30,2018,4,Apr,2018-04,N05B,289.0,Q2,Apr 2018,18348.3
2018-04-30,2018,4,Apr,2018-04,N05C,21.0,Q2,Apr 2018,1249.0
2018-04-30,2018,4,Apr,2018-04,R03,229.0,Q2,Apr 2018,11737.25
2018-04-30,2018,4,Apr,2018-04,R06,197.1,Q2,Apr 2018,6066.38
2018-05-31,2018,5,May,2018-05,M01AB,160.52000000000004,Q2,May 2018,10499.440000000002
2018-05-31,2018,5,May,2018-05,M01AE,103.522,Q2,May 2018,8156.000000000003
2018-05-31,2018,5,May,2018-05,N02BA,89.39999999999999,Q2,May 2018,8051.459
2018-05-31,2018,5,May,2018-05,N02BE,644.6480000000004,Q2,May 2018,62477.94500000001
2018-05-31,2018,5,May,2018-05,N05B,259.0,Q2,May 2018,18348.3
2018-05-31,2018,5,May,2018-05,N05C,13.0,Q2,May 2018,1249.0
2018-05-31,2018,5,May,2018-05,R03,192.0,Q2,May 2018,11737.25
2018-05-31,2018,5,May,2018-05,R06,213.04,Q2,May 2018,6066.38
2018-06-30,2018,6,Jun,2018-06,M01AB,141.18,Q2,Jun 2018,10499.440000000002
2018-06-30,2018,6,Jun,2018-06,M01AE,114.22600000000004,Q2,Jun 2018,8156.000000000003
2018-06-30,2018,6,Jun,2018-06,N02BA,86.80000000000001,Q2,Jun 2018,8051.459
2018-06-30,2018,6,Jun,2018-06,N02BE,584.343,Q2,Jun 2018,62477.94500000001
2018-06-30,2018,6,Jun,2018-06,N05B,248.0,Q2,Jun 2018,18348.3
2018-06-30,2018,6,Jun,2018-06,N05C,18.0,Q2,Jun 2018,1249.0
2018-06-30,2018,6,Jun,2018-06,R03,101.0,Q2,Jun 2018,11737.25
2018-06-30,2018,6,Jun,2018-06,R06,120.8,Q2,Jun 2018,6066.38
2018-07-31,2018,7,Jul,2018-07,M01AB,150.18,Q3,Jul 2018,10499.440000000002
2018-07-31,2018,7,Jul,2018-07,M01AE,132.54900000000006,Q3,Jul 2018,8156.000000000003
2018-07-31,2018,7,Jul,2018-07,N02BA,87.2,Q3,Jul 2018,8051.459
2018-07-31,2018,7,Jul,2018-07,N02BE,679.3499999999999,Q3,Jul 2018,62477.94500000001
2018-07-31,2018,7,Jul,2018-07,N05B,283.0,Q3,Jul 2018,18348.3
2018-07-31,2018,7,Jul,2018-07,N05C,19.0,Q3,Jul 2018,1249.0
2018-07-31,2018,7,Jul,2018-07,R03,90.0,Q3,Jul 2018,11737.25
2018-07-31,2018,7,Jul,2018-07,R06,122.2,Q3,Jul 2018,6066.38
2018-08-31,2018,8,Aug,2018-08,M01AB,140.00000000000003,Q3,Aug 2018,10499.440000000002
2018-08-31,2018,8,Aug,2018-08,M01AE,114.71900000000004,Q3,Aug 2018,8156.000000000003
2018-08-31,2018,8,Aug,2018-08,N02BA,88.25,Q3,Aug 2018,8051.459
2018-08-31,2018,8,Aug,2018-08,N02BE,733.838,Q3,Aug 2018,62477.94500000001
2018-08-31,2018,8,Aug,2018-08,N05B,253.0,Q3,Aug 2018,18348.3
2018-08-31,2018,8,Aug,2018-08,N05C,20.0,Q3,Aug 2018,1249.0
2018-08-31,2018,8,Aug,2018-08,R03,159.0,Q3,Aug 2018,11737.25
2018-08-31,2018,8,Aug,2018-08,R06,103.1,Q3,Aug 2018,6066.38
2018-09-30,2018,9,Sep,2018-09,M01AB,153.52,Q3,Sep 2018,10499.440000000002
2018-09-30,2018,9,Sep,2018-09,M01AE,114.99200000000008,Q3,Sep 2018,8156.000000000003
2018-09-30,2018,9,Sep,2018-09,N02BA,86.5,Q3,Sep 2018,8051.459
2018-09-30,2018,9,Sep,2018-09,N02BE,1058.2620000000002,Q3,Sep 2018,62477.94500000001
2018-09-30,2018,9,Sep,2018-09,N05B,263.0,Q3,Sep 2018,18348.3
2018-09-30,2018,9,Sep,2018-09,N05C,12.0,Q3,Sep 2018,1249.0
2018-09-30,2018,9,Sep,2018-09,R03,205.0,Q3,Sep 2018,11737.25
2018-09-30,2018,9,Sep,2018-09,R06,88.10000000000001,Q3,Sep 2018,6066.38
2018-10-31,2018,10,Oct,2018-10,M01AB,144.71000000000004,Q4,Oct 2018,10499.440000000002
2018-10-31,2018,10,Oct,2018-10,M01AE,129.4000000000001,Q4,Oct 2018,8156.000000000003
2018-10-31,2018,10,Oct,2018-10,N02BA,76.05000000000001,Q4,Oct 2018,8051.459
2018-10-31,2018,10,Oct,2018-10,N02BE,1129.275,Q4,Oct 2018,62477.94500000001
2018-10-31,2018,10,Oct,2018-10,N05B,287.0,Q4,Oct 2018,18348.3
2018-10-31,2018,10,Oct,2018-10,N05C,25.0,Q4,Oct 2018,1249.0
2018-10-31,2018,10,Oct,2018-10,R03,353.0,Q4,Oct 2018,11737.25
2018-10-31,2018,10,Oct,2018-10,R06,76.9,Q4,Oct 2018,6066.38
2018-11-30,2018,11,Nov,2018-11,M01AB,172.29000000000005,Q4,Nov 2018,10499.440000000002
2018-11-30,2018,11,Nov,2018-11,M01AE,105.48700000000004,Q4,Nov 2018,8156.000000000003
2018-11-30,2018,11,Nov,2018-11,N02BA,102.15,Q4,Nov 2018,8051.459
2018-11-30,2018,11,Nov,2018-11,N02BE,995.15,Q4,Nov 2018,62477.94500000001
2018-11-30,2018,11,Nov,2018-11,N05B,252.2,Q4,Nov 2018,18348.3
2018-11-30,2018,11,Nov,2018-11,N05C,22.0,Q4,Nov 2018,1249.0
2018-11-30,2018,11,Nov,2018-11,R03,311.0,Q4,Nov 2018,11737.25
2018-11-30,2018,11,Nov,2018-11,R06,48.400000000000006,Q4,Nov 2018,6066.38
2018-12-31,2018,12,Dec,2018-12,M01AB,147.71000000000004,Q4,Dec 2018,10499.440000000002
2018-12-31,2018,12,Dec,2018-12,M01AE,113.02400000000011,Q4,Dec 2018,8156.000000000003
2018-12-31,2018,12,Dec,2018-12,N02BA,84.75,Q4,Dec 2018,8051.459
2018-12-31,2018,12,Dec,2018-12,N02BE,1213.95,Q4,Dec 2018,62477.94500000001
2018-12-31,2018,12,Dec,2018-12,N05B,254.0,Q4,Dec 2018,18348.3
2018-12-31,2018,12,Dec,2018-12,N05C,27.0,Q4,Dec 2018,1249.0
2018-12-31,2018,12,Dec,2018-12,R03,384.0,Q4,Dec 2018,11737.25
2018-12-31,2018,12,Dec,2018-12,R06,53.1,Q4,Dec 2018,6066.38
2019-01-31,2019,1,Jan,2019-01,M01AB,179.70000000000007,Q1,Jan 2019,10499.440000000002
2019-01-31,2019,1,Jan,2019-01,M01AE,222.35100000000017,Q1,Jan 2019,8156.000000000003
2019-01-31,2019,1,Jan,2019-01,N02BA,99.7,Q1,Jan 2019,8051.459
2019-01-31,2019,1,Jan,2019-01,N02BE,1660.6120000000012,Q1,Jan 2019,62477.94500000001
2019-01-31,2019,1,Jan,2019-01,N05B,295.2,Q1,Jan 2019,18348.3
2019-01-31,2019,1,Jan,2019-01,N05C,23.0,Q1,Jan 2019,1249.0
2019-01-31,2019,1,Jan,2019-01,R03,386.0,Q1,Jan 2019,11737.25
2019-01-31,2019,1,Jan,2019-01,R06,41.3,Q1,Jan 2019,6066.38
2019-02-28,2019,2,Feb,2019-02,M01AB,133.73000000000002,Q1,Feb 2019,10499.440000000002
2019-02-28,2019,2,Feb,2019-02,M01AE,142.15500000000014,Q1,Feb 2019,8156.000000000003
2019-02-28,2019,2,Feb,2019-02,N02BA,110.19999999999996,Q1,Feb 2019,8051.459
2019-02-28,2019,2,Feb,2019-02,N02BE,1001.2120000000004,Q1,Feb 2019,62477.94500000001
2019-02-28,2019,2,Feb,2019-02,N05B,249.4,Q1,Feb 2019,18348.3
2019-02-28,2019,2,Feb,2019-02,N05C,12.0,Q1,Feb 2019,1249.0
2019-02-28,2019,2,Feb,2019-02,R03,226.0,Q1,Feb 2019,11737.25
2019-02-28,2019,2,Feb,2019-02,R06,69.5,Q1,Feb 2019,6066.38
2019-03-31,2019,3,Mar,2019-03,M01AB,154.52000000000004,Q1,Mar 2019,10499.440000000002
2019-03-31,2019,3,Mar,2019-03,M01AE,113.11800000000004,Q1,Mar 2019,8156.000000000003
2019-03-31,2019,3,Mar,2019-03,N02BA,83.35000000000001,Q1,Mar 2019,8051.459
2019-03-31,2019,3,Mar,2019-03,N02BE,941.05,Q1,Mar 2019,62477.94500000001
2019-03-31,2019,3,Mar,2019-03,N05B,301.4,Q1,Mar 2019,18348.3
2019-03-31,2019,3,Mar,2019-03,N05C,19.0,Q1,Mar 2019,1249.0
2019-03-31,2019,3,Mar,2019-03,R03,257.0,Q1,Mar 2019,11737.25
2019-03-31,2019,3,Mar,2019-03,R06,169.49999999999997,Q1,Mar 2019,6066.38
2019-04-30,2019,4,Apr,2019-04,M01AB,161.39000000000004,Q2,Apr 2019,10499.440000000002
2019-04-30,2019,4,Apr,2019-04,M01AE,100.16500000000003,Q2,Apr 2019,8156.000000000003
2019-04-30,2019,4,Apr,2019-04,N02BA,88.1,Q2,Apr 2019,8051.459
2019-04-30,2019,4,Apr,2019-04,N02BE,647.6500000000002,Q2,Apr 2019,62477.94500000001
2019-04-30,2019,4,Apr,2019-04,N05B,299.4,Q2,Apr 2019,18348.3
2019-04-30,2019,4,Apr,2019-04,N05C,22.0,Q2,Apr 2019,1249.0
2019-04-30,2019,4,Apr,2019-04,R03,259.0,Q2,Apr 2019,11737.25
2019-04-30,2019,4,Apr,2019-04,R06,179.10000000000002,Q2,Apr 2019,6066.38
2019-05-31,2019,5,May,2019-05,M01AB,168.04000000000005,Q2,May 2019,10499.440000000002
2019-05-31,2019,5,May,2019-05,M01AE,97.25800000000004,Q2,May 2019,8156.000000000003
2019-05-31,2019,5,May,2019-05,N02BA,104.1,Q2,May 2019,8051.459
2019-05-31,2019,5,May,2019-05,N02BE,703.5620000000001,Q2,May 2019,62477.94500000001
2019-05-31,2019,5,May,2019-05,N05B,265.79999999999995,Q2,May 2019,18348.3
2019-05-31,2019,5,May,2019-05,N05C,26.0,Q2,May 2019,1249.0
2019-05-31,2019,5,May,2019-05,R03,322.0,Q2,May 2019,11737.25
2019-05-31,2019,5,May,2019-05,R06,135.4,Q2,May 2019,6066.38
2019-06-30,2019,6,Jun,2019-06,M01AB,151.5400000000001,Q2,Jun 2019,10499.440000000002
2019-06-30,2019,6,Jun,2019-06,M01AE,101.62700000000004,Q2,Jun 2019,8156.000000000003
2019-06-30,2019,6,Jun,2019-06,N02BA,103.2,Q2,Jun 2019,8051.459
2019-06-30,2019,6,Jun,2019-06,N02BE,609.9999999999999,Q2,Jun 2019,62477.94500000001
2019-06-30,2019,6,Jun,2019-06,N05B,193.0,Q2,Jun 2019,18348.3
2019-06-30,2019,6,Jun,2019-06,N05C,25.0,Q2,Jun 2019,1249.0
2019-06-30,2019,6,Jun,2019-06,R03,142.0,Q2,Jun 2019,11737.25
2019-06-30,2019,6,Jun,2019-06,R06,156.04,Q2,Jun 2019,6066.38
2019-07-31,2019,7,Jul,2019-07,M01AB,181.0,Q3,Jul 2019,10499.440000000002
2019-07-31,2019,7,Jul,2019-07,M01AE,103.54100000000004,Q3,Jul 2019,8156.000000000003
2019-07-31,2019,7,Jul,2019-07,N02BA,92.8,Q3,Jul 2019,8051.459
2019-07-31,2019,7,Jul,2019-07,N02BE,649.8,Q3,Jul 2019,62477.94500000001
2019-07-31,2019,7,Jul,2019-07,N05B,250.6,Q3,Jul 2019,18348.3
2019-07-31,2019,7,Jul,2019-07,N05C,20.0,Q3,Jul 2019,1249.0
2019-07-31,2019,7,Jul,2019-07,R03,115.0,Q3,Jul 2019,11737.25
2019-07-31,2019,7,Jul,2019-07,R06,105.2,Q3,Jul 2019,6066.38
2019-08-31,2019,8,Aug,2019-08,M01AB,181.91000000000008,Q3,Aug 2019,10499.440000000002
2019-08-31,2019,8,Aug,2019-08,M01AE,88.26900000000003,Q3,Aug 2019,8156.000000000003
2019-08-31,2019,8,Aug,2019-08,N02BA,84.19999999999999,Q3,Aug 2019,8051.459
2019-08-31,2019,8,Aug,2019-08,N02BE,518.0999999999999,Q3,Aug 2019,62477.94500000001
2019-08-31,2019,8,Aug,2019-08,N05B,237.0,Q3,Aug 2019,18348.3
2019-08-31,2019,8,Aug,2019-08,N05C,26.0,Q3,Aug 2019,1249.0
2019-08-31,2019,8,Aug,2019-08,R03,145.0,Q3,Aug 2019,11737.25
2019-08-31,2019,8,Aug,2019-08,R06,97.3,Q3,Aug 2019,6066.38
2019-09-30,2019,9,Sep,2019-09,M01AB,161.07000000000005,Q3,Sep 2019,10499.440000000002
2019-09-30,2019,9,Sep,2019-09,M01AE,111.43700000000008,Q3,Sep 2019,8156.000000000003
2019-09-30,2019,9,Sep,2019-09,N02BA,93.5,Q3,Sep 2019,8051.459
2019-09-30,2019,9,Sep,2019-09,N02BE,984.48,Q3,Sep 2019,62477.94500000001
2019-09-30,2019,9,Sep,2019-09,N05B,227.8,Q3,Sep 2019,18348.3
2019-09-30,2019,9,Sep,2019-09,N05C,16.0,Q3,Sep 2019,1249.0
2019-09-30,2019,9,Sep,2019-09,R03,161.0,Q3,Sep 2019,11737.25
2019-09-30,2019,9,Sep,2019-09,R06,109.1,Q3,Sep 2019,6066.38
2019-10-31,2019,10,Oct,2019-10,M01AB,44.370000000000005,Q4,Oct 2019,10499.440000000002
2019-10-31,2019,10,Oct,2019-10,M01AE,37.3,Q4,Oct 2019,8156.000000000003
2019-10-31,2019,10,Oct,2019-10,N02BA,20.65,Q4,Oct 2019,8051.459
2019-10-31,2019,10,Oct,2019-10,N02BE,295.15000000000003,Q4,Oct 2019,62477.94500000001
2019-10-31,2019,10,Oct,2019-10,N05B,86.0,Q4,Oct 2019,18348.3
2019-10-31,2019,10,Oct,2019-10,N05C,7.0,Q4,Oct 2019,1249.0
2019-10-31,2019,10,Oct,2019-10,R03,37.0,Q4,Oct 2019,11737.25
2019-10-31,2019,10,Oct,2019-10,R06,11.13,Q4,Oct 2019,6066.38
