YearMonth,Monthly_Total,Daily_Agg_Total,Diff,Diff_Pct
2014-01,1821.1100000000001,1801.11,20.000000000000227,1.1
2014-02,1974.47,1974.47,0.0,0.0
2014-03,1606.72,1606.7199999999998,2.2737367544323206e-13,0.0
2014-04,1429.6750000000002,1423.925,5.750000000000227,0.4
2014-05,1506.303,1506.3029999999999,2.2737367544323206e-13,0.0
2014-06,1390.2050000000002,1390.205,2.2737367544323206e-13,0.0
2014-07,1332.3700000000001,1332.37,2.2737367544323206e-13,0.0
2014-08,1499.02,1452.52,46.5,3.1
2014-09,1814.594,1804.5939999999998,10.000000000000227,0.55
2014-10,3146.906,2081.9956875,1064.9103125000001,33.84
2014-11,1770.64,1770.64,0.0,0.0
2014-12,2093.485,2093.4849999999997,4.547473508864641e-13,0.0
2015-01,2157.7490000000003,2157.749,4.547473508864641e-13,0.0
2015-02,1831.532,1831.5320000000002,-2.2737367544323206e-13,-0.0
2015-03,1974.076,1949.0759999999998,25.000000000000227,1.27
2015-04,1723.8849999999998,1723.885,-2.2737367544323206e-13,-0.0
2015-05,1644.5770000000002,1644.577,2.2737367544323206e-13,0.0
2015-06,1705.608,1674.233,31.375,1.84
2015-07,1523.0480000000002,1523.048,2.2737367544323206e-13,0.0
2015-08,1659.597,1659.597,0.0,0.0
2015-09,1679.3670000000002,1679.367,2.2737367544323206e-13,0.0
2015-10,2529.576000000001,2529.576,9.094947017729282e-13,0.0
2015-11,2189.638,2106.888,82.75,3.78
2015-12,2272.8300000000004,2272.83,4.547473508864641e-13,0.0
2016-01,2451.376,2451.376,0.0,0.0
2016-02,2232.4000000000005,2232.4,4.547473508864641e-13,0.0
2016-03,2250.169000000001,2235.1690000000003,15.000000000000455,0.67
2016-04,2173.5730000000003,2147.573,26.000000000000455,1.2
2016-05,1977.0210000000004,1957.0210000000002,20.000000000000227,1.01
2016-06,1755.231,1724.731,30.5,1.74
2016-07,1609.081,1599.6393333329997,9.441666667000163,0.59
2016-08,1700.0550000000003,1633.3883333400001,66.66666666000015,3.92
2016-09,2049.877,2049.8770000000004,-4.547473508864641e-13,-0.0
2016-10,2710.1410000000014,2655.3910000000005,54.75000000000091,2.02
2016-11,1962.7660000000005,1942.599333337,20.16666666300057,1.03
2016-12,2646.0110000000004,2605.7609999969995,40.25000000300088,1.52
2017-01,1.0,2699.597083319,-2698.597083319,-269859.71
2017-02,1165.1570000000002,1447.4715833209998,-282.31458332099965,-24.23
2017-03,1406.8550000000002,1376.855,30.000000000000227,2.13
2017-04,1369.925,1341.8000000000002,28.124999999999773,2.05
2017-05,1369.485,1369.485,0.0,0.0
2017-06,1326.936,1306.9360000000001,19.999999999999773,1.51
2017-07,1260.526,1251.151,9.375,0.74
2017-08,1302.4199999999998,1302.42,-2.2737367544323206e-13,-0.0
2017-09,1660.8410000000003,1660.841,4.547473508864641e-13,0.0
2017-10,2050.1270000000004,2050.127,4.547473508864641e-13,0.0
2017-11,1705.5790000000002,1705.5790000000002,0.0,0.0
2017-12,1887.103,1887.103,0.0,0.0
2018-01,1985.701,1985.701,0.0,0.0
2018-02,2203.248000000001,2174.498,28.75000000000091,1.3
2018-03,2156.847,2156.8469999999998,4.547473508864641e-13,0.0
2018-04,1934.48,1894.73,39.75,2.05
2018-05,1675.1300000000003,1650.13,25.000000000000227,1.49
2018-06,1414.3490000000002,1414.349,2.2737367544323206e-13,0.0
2018-07,1563.479,1563.479,0.0,0.0
2018-08,1611.907,1611.9070000000002,-2.2737367544323206e-13,-0.0
2018-09,1981.3740000000003,1981.3739999999998,4.547473508864641e-13,0.0
2018-10,2221.335,2195.335,26.0,1.17
2018-11,2008.6770000000001,2008.677,2.2737367544323206e-13,0.0
2018-12,2277.534,2247.534,30.0,1.32
2019-01,2907.863000000001,2875.1580000000004,32.70500000000084,1.12
2019-02,1944.1970000000006,1944.1970000000001,4.547473508864641e-13,0.0
2019-03,2038.9379999999999,2038.938,-2.2737367544323206e-13,-0.0
2019-04,1756.8050000000003,1716.8049999999998,40.000000000000455,2.28
2019-05,1822.1600000000003,1798.4516666700001,23.708333330000187,1.3
2019-06,1482.4070000000002,1482.407,2.2737367544323206e-13,0.0
2019-07,1517.941,1488.8159999999998,29.125000000000227,1.92
2019-08,1377.779,1377.779,0.0,0.0
2019-09,1864.3870000000002,1824.803666667,39.583333333000155,2.12
2019-10,538.6,538.5999999999999,1.1368683772161603e-13,0.0
